index,x,y,z
0,-317.23400879,-31.29899979,13.23600006
1,-345.23171997,37.81179428,7.73929214
2,-377.20700073,-44.93500137,1.20000005
3,-317.23400879,-31.29899979,13.23600006
4,-396.54019165,-43.16112518,3.54603624
5,-377.20700073,-44.93500137,1.20000005
